{"train/loss": 8.424, "train/learning_rate": 0.0, "train/epoch": 3.0, "train/global_step": 1500, "_timestamp": 1709129165.689339, "_runtime": 412.9760730266571, "_step": 37, "eval/loss": 8.362646102905273, "eval/runtime": 2.9569, "eval/samples_per_second": 338.194, "eval/steps_per_second": 42.274, "train/train_runtime": 99.5439, "train/train_samples_per_second": 120.55, "train/train_steps_per_second": 15.069, "train/total_flos": 74060027772384.0, "train/train_loss": 8.768690185546875}