{"train/loss": 0.3359, "train/learning_rate": 1.6e-07, "train/epoch": 1.0, "train/global_step": 3125, "_timestamp": 1708392172.7976332, "_runtime": 1915.9924042224884, "_step": 33, "eval/loss": 0.3143124282360077, "eval/accuracy": 0.86988, "eval/runtime": 101.5773, "eval/samples_per_second": 246.118, "eval/steps_per_second": 30.765, "train/train_runtime": 377.9094, "train/train_samples_per_second": 66.153, "train/train_steps_per_second": 8.269, "train/total_flos": 717181585566720.0, "train/train_loss": 0.5170930075073242}