{"train/loss": 2.4474, "train/learning_rate": 0.0, "train/epoch": 3.0, "train/global_step": 1500, "_timestamp": 1708976046.3996778, "_runtime": 14469.234407663345, "_step": 56, "eval/loss": 1.613372564315796, "eval/runtime": 457.6991, "eval/samples_per_second": 2.185, "eval/steps_per_second": 0.273, "train/train_runtime": 7894.2155, "train/train_samples_per_second": 1.52, "train/train_steps_per_second": 0.19, "train/total_flos": 553776211341504.0, "train/train_loss": 4.535664906819662}