{"train/loss": 2387.7812, "train/learning_rate": 8.658008658008659e-08, "train/epoch": 1.0, "train/global_step": 11550, "_timestamp": 1708359522.9641852, "_runtime": 4483.738071203232, "_step": 142, "eval/loss": 2321.395751953125, "eval/runtime": 76.0901, "eval/samples_per_second": 295.86, "eval/steps_per_second": 36.982, "train/train_runtime": 1002.6375, "train/train_samples_per_second": 92.152, "train/train_steps_per_second": 11.52, "train/total_flos": 95291896653840.0, "train/train_loss": 2503.684070616883}