{"train/loss": 0.316, "train/learning_rate": 1.6e-07, "train/epoch": 3.0, "train/global_step": 9375, "_timestamp": 1708556983.86731, "_runtime": 3126.5537099838257, "_step": 128, "eval/loss": 0.27838218212127686, "eval/runtime": 104.8359, "eval/samples_per_second": 238.468, "eval/steps_per_second": 29.809, "train/train_runtime": 1146.3244, "train/train_samples_per_second": 65.427, "train/train_steps_per_second": 8.178, "train/total_flos": 2148451095614592.0, "train/train_loss": 0.3537013291422526}